Nome do Assistido(a),Nome Social,CPF,RG/órgão emissor,Data de nascimento,Nome da mãe,Número do Processo,Órgão Judicial/Vara,Nº Inscrição (ID único),Telefone(s) WhatsApp,Data de Atendimento,Raça/cor da pele (Declarada),Sexo (biológico),Identidade de Gênero (Declarada),Orientação Sexual (autodeclaração),Escolaridade,Pessoa com Deficiência,Tipo de Deficiência,Nacionalidade,País,Ocupação,Profissão,Religião,Diploma Legal,Artigo/Capitulação,Tipo Penal,Grupamento Penal,Natureza do Atendimento,Tipo de Medida/Alternativa,Grupo de Responsabilização,Status do Atendimento,Atendimento Individual,Comparecimento Voluntário,Data de Término da Medida,Situação Final,Observação/Justificativas,Prestação de Serviço Comunitário,Local da Prestação de Serviço,Grupo Reflexivo,Tipo de Grupo Reflexivo
Evelynne Xavier de Andrade Rodrigues,,076.516.244-08,3.296.300 – SSP-PB,1990-01-31,Maria de Lourdes Xavier de Andrade,9001228-60.2026.8.15.2002,Vara de Execução de Penas Alternativas,,(83) 99690-3198,2026-08-27,Branca,Feminino,Mulher Cis,Heterossexual,Pós graduado,Não,Não possui,Brasileiro,,Formal,Professora,Católica,Decreto-Lei nº 2.848/40 (Código Penal),art. 140,Injúria Qualificada,Crimes contra a Honra,Acolhimento Inicial (comparecimento),Penas restritivas de direito,Ética/Cidadania,Realizado com Sucesso,,Sim,2027-08-27,Em Cumprimento,,,,,
Ednaldo Silva de Lima Filho,,710.085.524-10,3.732.090 – SSP-PB,2000-03-16,Maria Madalena de Brito Alves,9003167-46.2024.8.15.2002,Vara de Execução de Penas Alternativas,,(83) 98901-3237,2026-08-27,Branca,Masculino,Homem Cis,Heterossexual,Ensino médio,Não,Não possui,Brasileiro,,Informal,Motoboy,Sem Religião,LEI Nº 11.340/06 (Maria da Penha),art. 7º,Violência física/psicológica/sexual/patrimonial/moral,Violência Doméstica/familiar,Acolhimento Inicial (comparecimento),SURSIS,Homens autores de violência doméstica contra mulher,Realizado com Sucesso,,Sim,2028-08-24,Em Cumprimento,"À luz dos princípios da legalidade e da tipicidade formal, é juridicamente inviável à CIAP preconizar a participação em grupo reflexivo sem previsão expressa no termo de audiência.",,,,
Paulino Torres de Souza,,713.663.104-11,4.432.110 – SSP-PB,1999-12-19,Maria Judith de Souza,9001428-67.2026.8.15.2002,Vara de Execução de Penas Alternativas,,(83) 99604-4875,2026-08-27,Parda,Masculino,Homem Cis,Heterossexual,Ensino médio incompleto,Não,Não possui,Brasileiro,,Formal,Servente de Pedreiro,Sem Religião,LEI Nº 11.340/06 (Maria da Penha),art. 7º,Violência física/psicológica/sexual/patrimonial/moral,Violência Doméstica/familiar,Acolhimento Inicial (comparecimento),SURSIS,Homens autores de violência doméstica contra mulher,Realizado com Sucesso,,Sim,2028-08-27,Em Cumprimento,"À luz dos princípios da legalidade e da tipicidade formal, é juridicamente inviável à CIAP preconizar a participação em grupo reflexivo sem previsão expressa no termo de audiência.",,,,
Jailson Felipe da Silva Souza,,707.795.362-52,4.346.149 – SSP-PB,2002-09-02,Joseane de Souza Oliveira,9001515-23.2026.8.15.2002,Vara de Execução de Penas Alternativas,,(83) 98732-2179,2026-08-31,Parda,Masculino,Homem Cis,Heterossexual,Ensino médio,Não,Não possui,Brasileiro,,Formal,Operador de máquinas,Evangélica,Lei 10.826/03 Estatuto do Desarmamento,art. 14,Posse/Porte ilegal de arma de fogo,Armas / Estatuto do Desarmamento,Acolhimento Inicial (comparecimento),Acordo de não Persecução Penal,Segurança Comunitária e Paz Pública,Realizado com Sucesso,,Sim,31/04/2027,Em Cumprimento,,,,,
Halyson Felipe Luna da Silva,,074.811.234-03,3320904 SSP/PB,1987-10-03,Joselandy Pereira de Luna,9001024-16.2026.8.15.2002,Vara de Execução de Penas Alternativas,,(83) 99838-4542,2026-08-31,Branca,Masculino,Homem Cis,Heterossexual,Ensino médio,Não,Não possui,Brasileiro,,Formal,Empresário Individual,Sem Religião,Decreto-Lei nº 2.848/40 (Código Penal),Art. 129,Lesão corporal,Crimes contra a Pessoa,Acolhimento Inicial (comparecimento),SURSIS,Segurança Comunitária e Paz Pública,Realizado com Sucesso,,Sim,2028-08-31,Em Cumprimento,,,,,
Marcelo Pimenta Moura,,041.320.387-50,104376918 DETRAN/RJ,1975-04-12,Maria das Graças Pimenta,9001362-87.2026.8.15.2002,Vara de Execução de Penas Alternativas,,(21) 96466-0134,2026-08-31,Parda,Masculino,Homem Cis,Heterossexual,Ensino médio incompleto,Não,Não possui,Brasileiro,,Informal,Motorista de aplicativo,Matriz Africana,LEI Nº 11.340/06 (Maria da Penha),art. 7º,Violência física/psicológica/sexual/patrimonial/moral,Violência Doméstica/familiar,Acolhimento Inicial (comparecimento),SURSIS,Homens autores de violência doméstica contra mulher,Realizado com Sucesso,,Sim,2028-08-31,Em Cumprimento,"À luz dos princípios da legalidade e da tipicidade formal, a Vepa preconiza a participação em grupo reflexivo na Defensoria Pública",,,,
Abraão Santos da Silva,,109.154.314-32,4.118.814 SSDS/PB,1996-05-06,Severina Emidio Santos da Silva,9001367-12.2026.8.15.2002,Vara de Execução de Penas Alternativas,,(83) 99940-0379,2026-08-31,Amarela,Masculino,Homem Cis,Heterossexual,Ensino fundamental incompleto,Não,Não possui,Brasileiro,,Formal,Auxiliar de Confeitaria,Evangélica,LEI Nº 11.340/06 (Maria da Penha),art. 7º,Violência física/psicológica/sexual/patrimonial/moral,Violência Doméstica/familiar,Acolhimento Inicial (comparecimento),SURSIS,Homens autores de violência doméstica contra mulher,Realizado com Sucesso,,Sim,2028-08-31,Em Cumprimento,"À luz dos princípios da legalidade e da tipicidade formal, é juridicamente inviável à CIAP preconizar a participação em grupo reflexivo sem previsão expressa no termo de audiência.",,,,
Victor Angelo Campos de Macena,,715.527.614-60,4.522.037 SSP/PB,2001-07-16,Fabia Jacob Santos de Macena,9001743-95.2026.8.15.2002,2ª Vara de Entorpecentes de João Pessoa-PB,,(83) 92000-4729,2026-08-31,Não Declarada,Masculino,Não Declarada,Não Declarada,Não declarada,Não Declarada,Não informada,Brasileiro,,Não informada,Não informado,Não Declarado,Lei nº 11.343/06 (Lei de Drogas),Art. 33,Tráfico de drogas,Lei de Drogas(ou Narcotráficos),1º Atendimento Técnico Multidisciplinar,Penas restritivas de direito,Drogas e suas transversalidades,Realizado com Sucesso,Jurídico,Sim,2028-04-27,Em Cumprimento,,,,,
Suenilton Barbosa Guedes,,928.505.024-72,1692614 SSP/PB,1968-09-11,Ina Barbosa de Vasconcelos,9001667-71.2026.8.15.2002,3ª Vara Criminal TJPB,,(83) 98806-6944,2026-09-01,Parda,Masculino,Homem Cis,Heterossexual,Ensino médio incompleto,Não,Visual,Brasileiro,,Formal,Mecânico,Católica,Lei 8.137/90 (Crimes Tributários),art. 1º,Sonegação,Ordem Tributária,Acolhimento Inicial (comparecimento),Penas restritivas de direito,Ética/Cidadania,Realizado com Sucesso,,Sim,2029-01-01,Em Cumprimento,,,,,
Larissa Felipe Pontes,,718.301.304-98,5.087.164 SESDS/PB,2005-05-27,Lucélia Felipe da Silva,9003127-64.2024.8.15.2002,1ª Vara de Entorpecentes TJPB,,(83) 92002-4066,2026-09-01,Parda,Feminino,Mulher Cis,Heterossexual,Ensino fundamental incompleto,Não,Não possui,Brasileiro,,Informal,Auxiliar de Cozinha,Evangélica,Lei nº 11.343/06 (Lei de Drogas),Art. 33,Tráfico de drogas,Lei de Drogas(ou Narcotráficos),Acolhimento Inicial (comparecimento),Penas restritivas de direito,Drogas e suas transversalidades,Realizado com Sucesso,,Sim,2028-05-01,Em Cumprimento,,,,,
Jovelino Felipe Martins Júnior,,024.184.504-14,1.863.513 SESDS/PB,1976-04-18,Gerusa de Melo Martins,9001881-47.2026.8.15.2002,Vara de Execução de Penas Alternativas,,(83) 99929-9439,2026-09-01,Parda,Masculino,Homem Cis,Heterossexual,Ensino médio,Sim,Outra(s) deficiência(s),Brasileiro,,Informal,Motorista,Evangélica,LEI Nº 11.340/06 (Maria da Penha),art. 302,Lesão Corporal Culposa na Direção de Veículo Automotor,Crimes de Trânsito,Acolhimento Inicial (comparecimento),Penas restritivas de direito,Trânsito/Vida,Realizado com Sucesso,,Sim,2029-05-01,Em Cumprimento,,,,,
João Victor Lelis Rodrigues dos Santos,,713.633.144-09,3.090.121 SESDS/PB,2001-03-24,Rita de Cassia Lelis Nunes de Souza,9001239-89.2026.8.15.2002,Vara de Execução de Penas Alternativas,,(83) 99173-2491,2026-09-02,Parda,Masculino,Homem Cis,Heterossexual,Ensino médio,Não,Não possui,Brasileiro,,Informal,Barbeiro,Evangélica,Lei nº 11.343/06 (Lei de Drogas),Art. 33,Tráfico de drogas,Lei de Drogas(ou Narcotráficos),Acolhimento Inicial (comparecimento),Penas restritivas de direito,Drogas e suas transversalidades,Realizado com Sucesso,,Sim,2030-08-02,Em Cumprimento,,,,,
Jefferson Chaves Trajano,,713.627.674-84,3.690.215 SESDS/PB,2000-04-18,Gerlane Chaves Trajano,9001769-93.2026.8.15.2002,Vara de Execução de Penas Alternativas,,(83) 98804-1134,2026-09-02,Branca,Masculino,Homem Cis,Heterossexual,Ensino médio incompleto,Não,Não possui,Brasileiro,,Informal,Estofador de móveis,Evangélica,Decreto-Lei nº 2.848/40 (Código Penal),art.180,Receptação,Crimes contra o Patrimônio,Acolhimento Inicial (comparecimento),Acordo de não Persecução Penal,Ética/Cidadania,Realizado com Sucesso,,Sim,2027-05-02,Em Cumprimento,,,,,
Ismael Bezerra de Melo,,703.225.644-92,4.081.997 SESDS/PB,2003-08-17,Amaina da Conceição Bezerra,9001481-48.2026.8.15.2002,Vara de Execução de Penas Alternativas,,((83) 99860-9553,2026-09-02,Branca,Masculino,Homem Cis,Heterossexual,Ensino fundamental incompleto,Não,Não possui,Brasileiro,,Informal,Descarregador de caminhão,Evangélica,Lei 10.826/03 Estatuto do Desarmamento,art. 14,Posse/Porte ilegal de arma de fogo,Armas / Estatuto do Desarmamento,Acolhimento Inicial (comparecimento),Acordo de não Persecução Penal,Segurança Comunitária e Paz Pública,Realizado com Sucesso,,Sim,2027-05-02,Em Cumprimento,,,,,
Danielle Silva Gomes,,088.429.534-66,3.373.994 SSDS/PB,1987-01-18,Gilvan Francisco da Silva,9001899-83.2026-8.15.2002,1ª Vara Criminal de João Pessoa,,(83) 99890-2094,2026-09-02,Parda,Feminino,Mulher Cis,Heterossexual,Ensino fundamental incompleto,Não,Não possui,Brasileiro,,Sem Ocupação,Do lar,Evangélica,Decreto-Lei nº 2.848/40 (Código Penal),art. 331,Desacato,Crimes contra Administração Pública,Acolhimento Inicial (comparecimento),SURSIS,Ética/Cidadania,Realizado com Sucesso,,Sim,2028-09-02,Em Cumprimento,,,,,
Edson Felipe Gomes,,711.380.254-02,8739712 SDS/PE,1995-11-17,Maria Severina Gomes,9001512-68.2026.8.15.2002,1ª Vara Regional do Juízo das Garantias,,(83) 98919-1263,2026-09-03,Parda,Masculino,Homem Cis,Heterossexual,Ensino fundamental incompleto,Não,Não possui,Brasileiro,,Informal,Motoboy,Católica,Decreto-Lei nº 2.848/40 (Código Penal),art.311,Adulteração de sinal identificador de veículo,Crimes Contra a Fé Pública,Acolhimento Inicial (comparecimento),Acordo de não Persecução Penal,Ética/Cidadania,Realizado com Sucesso,,Sim,2027-09-03,Em Cumprimento,,,,,
Danizete Galdino de Souza,,112.296.744-62,3.526.193 SSDS/PB,1990-02-21,Carmelita Galdino de Souza,9001777-07.2025.8.15.2002,1º Juizado de Violência Doméstica e Familiar contra a Mulher-PB,,(83) 99695-4657,2026-09-03,Parda,Masculino,Homem Cis,Heterossexual,Ensino fundamental incompleto,Não,Não possui,Brasileiro,,Informal,Carga e Descarga,Sem Religião,LEI Nº 11.340/06 (Maria da Penha),Art. 129,Violência física/psicológica/sexual/patrimonial/moral,Violência Doméstica/familiar,Acolhimento Inicial (comparecimento),SURSIS,Homens autores de violência doméstica contra mulher,Realizado com Sucesso,,Sim,2028-09-03,Em Cumprimento,"À luz dos princípios da legalidade e da tipicidade formal, é juridicamente inviável à CIAP preconizar a participação em grupo reflexivo sem previsão expressa no termo de audiência.",,,,
Wellithon Rogério da Silva,,086.578.724-71,3287566 SSDS/PB,1991-10-28,Maricélia Tomaz da Silva,9001936-13.2026.8.15.2002,3ª Vara Mista de Mamanguape-PB,,(83) 99409-0218,2026-09-03,Parda,Masculino,Homem Cis,Heterossexual,Ensino médio,Não,Não possui,Brasileiro,,Informal,Motorista de aplicativo,Evangélica,Lei 10.826/03 Estatuto do Desarmamento,art. 14,Posse/Porte ilegal de arma de fogo,Armas/Estatuto desarmamento,Acolhimento Inicial (comparecimento),Penas restritivas de direito,Segurança Comunitária e Paz Pública,Realizado com Sucesso,,Sim,2029-01-03,Em Cumprimento,,,,,
Ana Carla Vieira de Araújo,,717.891.924-80,CPF,2004-06-27,Jacqueline Vieira da Silva,0813187-51.2026.8.15.2002,1ª Vara Regional do Juízo das Garantias,267630340-37,(83) 98183-4564,2026-09-03,Parda,Feminino,Mulher Cis,Heterossexual,Ensino fundamental incompleto,Não,Não possui,Brasileiro,,Informal,Serviços Gerais,Sem Religião,Lei nº 11.343/06 (Lei de Drogas),Art. 33,Tráfico de drogas,Lei de Drogas(ou Narcotráficos),Acolhimento Inicial (comparecimento),Medida Cautelar diversa da prisão,Drogas e suas transversalidades,Realizado com Sucesso,,Sim,,Em Cumprimento,,,,,
Flaubert Wesley Barbosa de Almeida,,009.086.644-43,000777 CBM/PB,1981-09-12,Maria de Fátima Barbosa de Almeida,9001450-28.2026.8.15.2002,1º Juizado de Violência Doméstica e Familiar contra a Mulher-PB,,(83)99604-3289,2026-09-03,Branca,Masculino,Homem Cis,Heterossexual,Pós graduado,Não,Não possui,Brasileiro,,Formal,Bombeiro Militar,Católica,LEI Nº 11.340/06 (Maria da Penha),Art. 129,Lesão corporal,Violência Doméstica/familiar,Acolhimento Inicial (comparecimento),SURSIS,Homens autores de violência doméstica contra mulher,Realizado com Sucesso,,Sim,2028-09-03,Em Cumprimento,"À luz dos princípios da legalidade e da tipicidade formal, é juridicamente inviável à CIAP preconizar a participação em grupo reflexivo sem previsão expressa no termo de audiência.",,,,
Edilene Lacerda de Souza,,010.077.944-10,2.503.132 SEDS-PB,1976-03-18,Luzinete Andrade Lacerda de Souza,9002541-618.2023.8.15.2002,Vara de Execução de Penas Alternativas,,(83)99868-9260,2026-09-08,Parda,Feminino,Mulher Cis,Heterossexual,Ensino fundamental incompleto,Sim,Outra(s) deficiência(s),Brasileiro,,Sem Ocupação,Diarista,Católica,Decreto-Lei nº 2.848/40 (Código Penal),art. 155,Furto,Crimes contra o Patrimônio,Acolhimento Inicial (comparecimento),Acordo de não Persecução Penal,Ética/Cidadania,Realizado com Sucesso,,Sim,2027-04-03,Em Cumprimento,,,,,
Miguel Davi Santos da Silva,,709.617.314-51,4281322 SSDS/PB,2000-11-18,Maricleide Santos da Silva,9001962-11.2026.8.15.2002,2ª Vara Criminal da Comarca de João Pessoa/PB,,(83) 99873-8562,2026-09-08,Parda,Masculino,Homem Cis,Heterossexual,Ensino médio,Não,Não possui,Brasileiro,,Informal,Motoboy,Evangélica,Lei nº 11.343/06 (Lei de Drogas),Art. 33,Tráfico de drogas,Lei de Drogas(ou Narcotráficos),Acolhimento Inicial (comparecimento),Penas restritivas de direito,Drogas e suas transversalidades,Realizado com Sucesso,,Sim,2028-03-08,Em Cumprimento,,,,,
John Anderson dos Santos Aguiar,,703.947.204-07,4.363.697 SSDS/PB,1998-07-16,Viviane dos Santos,9001301-32.2026.8.15.2002,7ª Vara Criminal da Comarca de João Pessoa/PB,,(83) 99101-8663,2026-09-08,Parda,Masculino,Homem Cis,Heterossexual,Ensino médio incompleto,Não,Não possui,Brasileiro,,Informal,Pizzaiolo,Evangélica,Decreto-Lei nº 2.848/40 (Código Penal),art.180,Receptação,Crimes contra o Patrimônio,Acolhimento Inicial (comparecimento),Penas restritivas de direito,Ética/Cidadania,Realizado com Sucesso,,Sim,2027-09-08,Em Cumprimento,,,,,
Klynton do Nascimento Alves Lopes,,119.481.024-12,CPF,2000-06-15,Maria do Socorro Virginio do Nascimento,9001964-78.2026.8.15.2002,2ª Vara Criminal da Comarca de João Pessoa/PB,,(83) 99345-4173,2026-09-08,Parda,Masculino,Homem Cis,Heterossexual,Ensino médio,Não,Não possui,Brasileiro,,Sem Ocupação,Servente de Pedreiro,Católica,Decreto-Lei nº 2.848/40 (Código Penal),Art. 333,Corrupção Ativa,Crimes Contra a Administração Pública,Acolhimento Inicial (comparecimento),Penas restritivas de direito,Ética/Cidadania,Realizado com Sucesso,,Sim,2028-09-08,Em Cumprimento,,,,,
Rachel dos Santos Fernandes,,716.365.594-09,4.477.881 SESDS/PB,2000-12-11,Adriana Eduardo dos Santos Silva,9001652-05.2026.8.15.2002,6ª Vara Criminal da comarca de João Pessoa/PB,,(83) 99837-3025,2026-09-08,Parda,Feminino,Mulher Cis,Homossexual,Ensino fundamental incompleto,Não,Não possui,Brasileiro,,Sem Ocupação,sem profissão,Sem Religião,Lei nº 11.343/06 (Lei de Drogas),Art. 33,Tráfico de drogas,Lei de Drogas(ou Narcotráficos),Acolhimento Inicial (comparecimento),Acordo de não Persecução Penal,Drogas e suas transversalidades,Realizado com Sucesso,,Sim,2027-02-28,Em Cumprimento,,,,,
Jackson Luiz Viana Ramalho,,710.850.884-21,3.597.044 SESDS/PB,1993-04-26,Jaqueline Fernandes Viana Ramalho,9002833-75.2025.8.15.2002,Vara de Execução de Penas Alternativas,,(83) 99990-8325,2026-09-09,Parda,Masculino,Homem Cis,Heterossexual,Ensino médio,Não,Não possui,Brasileiro,,Informal,Entregador de E-comerce,Católica,Código de Trânsito Brasileiro (Lei 9.503/97),art. 306,Embriaguez ao volante,Crimes de Trânsito,Acolhimento Inicial (comparecimento),Penas restritivas de direito,Trânsito/Vida,Realizado com Sucesso,,Sim,2027-09-26,Em Cumprimento,,,,,
João Neves Ferreira,,338.420.194-91,912.541 SESDS/PB,1962-12-01,Maria do Socorro Anunciação,9000048-15.2026.8.15.2002,3ª Regional das Garantias de João Pessoa/PB,,(83) 98721-3134,2026-09-09,Parda,Masculino,Homem Cis,Heterossexual,Ensino fundamental incompleto,Não,Não possui,Brasileiro,,Sem Ocupação,Caminhoneiro,Católica,Lei nº 9.503/97 (Código de Trânsito Brasileiro),art. 306,Embriaguez ao volante,Crimes de Trânsito,Acolhimento Inicial (comparecimento),Acordo de não Persecução Penal,Trânsito/Vida,Realizado com Sucesso,,Sim,2027-11-09,Em Cumprimento,,,,,
Evandro Farias de Lima,,020.511.744-90,2000565 SSP/PB,1976-01-26,Creuza Farias de Lima,9001994-16.2026.8.15.2002,Vara de Entorpecentes de João Pessoa/PB,,(83) 99125-6116,2026-09-09,Parda,Masculino,Homem Cis,Heterossexual,Ensino médio,Não,Não possui,Brasileiro,,Formal,Caminhoneiro,Evangélica,Decreto-Lei nº 3688/41 (Lei das Contravenções Penais),art. 21,Vias de Fato,Contravenção Penal,Acolhimento Inicial (comparecimento),Penas restritivas de direito,Ética/Cidadania,Realizado com Sucesso,,Sim,2026-09-19,Em Cumprimento,,,,,
Raimundo Lucas Ferreira,,205.830.954-53,491369 SSP/PB,1957-12-03,Maria das Dores Lucas Ferreira,9000083-03.2025.8.15.2002,1ª Vara Mista de Guarabira/PB,,(83) 98659-0631,2026-09-09,Branca,Masculino,Homem Cis,Heterossexual,Ensino fundamental incompleto,Não,Não possui,Brasileiro,,Sem Ocupação,Aposentado,Evangélica,Decreto-Lei nº 2.848/40 (Código Penal),art. 213,Estupro (Atos Libidinosos Diversos da Conjunção Carnal),Dignidade Sexual,Acolhimento Inicial (comparecimento),SURSIS,Gênero/Sexualidade,Realizado com Sucesso,,Sim,2028-09-09,Em Cumprimento,,,,,
Antônio Etelvino do Nascimento,,368.319.644-00,CPF,1961-04-28,Maria da Penha Alves,9001514-38.2026.8.15.2002,2ª Vara Regional das Garantias-TJPB,,(83) 99652-4101,2026-09-09,Preta,Masculino,Homem Cis,Heterossexual,Ensino fundamental incompleto,Não,Não possui,Brasileiro,,Informal,Abatedor de aves,Católica,Lei nº 9.503/97 (Código de Trânsito Brasileiro),art. 306,Embriaguez ao volante,Crimes de Trânsito,Acolhimento Inicial (comparecimento),Acordo de não Persecução Penal,Trânsito/Vida,Realizado com Sucesso,,Sim,2027-01-09,Em Cumprimento,,,,,
Christian Rafael Araújo Rodrigues de Pontes,,154.119.834-44,4.533.724 SSDS/PB,2006-02-23,Raphaella Araújo de Lima Rodrigues,9001968-18.2026.8.15.2002,2ª Vara Criminal da Comarca de João Pessoa,,(83)99861-5182,2026-09-10,Parda,Masculino,Homem Cis,Heterossexual,Ensino médio incompleto,Não,Não possui,Brasileiro,,Informal,Motoboy,Evangélica,Lei 10.826/03 Estatuto do Desarmamento,art. 16,Posse ou porte ilegal de arma de fogo de uso restrito,Armas/Estatuto desarmamento,Acolhimento Inicial (comparecimento),Penas restritivas de direito,Segurança Comunitária e Paz Pública,Realizado com Sucesso,,Sim,2029-09-10,Em Cumprimento,,,,,
Marcelo José Maranhão Brasilino da Silva,,673.940.354-68,1155559 SSP/PB,1969-03-19,Aldira Maria Maranhão da Silva,9001755-12.2026.8.15.2002,1ª Vara Regional do Juízo das Garantias,,(83) 99175-2121,2026-09-10,Branca,Masculino,Homem Cis,Heterossexual,Ensino médio,Não,Não possui,Brasileiro,,Formal,Corretor de Imóveis,Católica,Lei nº 9.503/97 (Código de Trânsito Brasileiro),art. 306,Embriaguez ao volante,Crimes de Trânsito,Acolhimento Inicial (comparecimento),Acordo de não Persecução Penal,Trânsito/Vida,Realizado com Sucesso,,Sim,2026-12-10,Em Cumprimento,,,,,
Luan Batista de Souza Lima,,083.275.764-02,4520789 SSDS/PB,2003-04-12,Lindinalva Batista de Souza,9002037-50.2026.8.15.2002,2º Juizado de Violência Doméstica e Familiar contra a Mulher de João Pessoa,,(83) 99826-9425,2026-09-10,Preta,Masculino,Homem Cis,Heterossexual,Ensino Superior Incompleto,Sim,Outra(s) deficiência(s),Brasileiro,,Informal,Professor,Sem Religião,LEI Nº 11.340/06 (Maria da Penha),art. 7º,Violência física/psicológica/sexual/patrimonial/moral,Violência Doméstica/familiar,Acolhimento Inicial (comparecimento),SURSIS,Homens autores de violência doméstica contra mulher,Realizado com Sucesso,,Sim,2028-09-10,Em Cumprimento,"À luz dos princípios da legalidade e da tipicidade formal, é juridicamente inviável à CIAP preconizar a participação em grupo reflexivo sem previsão expressa no termo de audiência.",,,,
Jhon Iure Rodrigues da Silva,,101.022.864-18,3752731 SSDS/PB,1992-05-12,Ana Claudia Ferreira da Silva,9002245-39.2023.8.15.2002,1ª Vara Regional Criminal de Mangabeira,,(83) 99877-8149,2026-09-10,Parda,Masculino,Homem Cis,Heterossexual,Ensino médio,Não,Não possui,Brasileiro,,Formal,Operador de máquinas,Sem Religião,Lei nº 9.503/97 (Código de Trânsito Brasileiro),art. 306,Embriaguez ao volante,Crimes de Trânsito,Acolhimento Inicial (comparecimento),Acordo de não Persecução Penal,Trânsito/Vida,Realizado com Sucesso,,Sim,2027-03-10,Em Cumprimento,,,,,
Renata Melo de Almeida Bastos Ramalho,,331.356.364-41,2.395.360 SSDS PB,1978-12-27,Maria das Graças Melo de Almeida Bastos,9000082-52.2024.8.15.2002,Vara de Execução de Penas Alternativas,,(83) 999850077,2026-09-14,Branca,Feminino,Mulher Cis,Heterossexual,Ensino superior,Sim,Visual,Brasileiro,,Informal,Sem profissão,Católica,Lei nº 9.503/97 (Código de Trânsito Brasileiro),art. 306,Embriaguez ao volante,Crimes de Trânsito,Acolhimento Inicial (comparecimento),Acordo de não Persecução Penal,Trânsito/Vida,Realizado com Sucesso,,Sim,2027-01-10,Em Cumprimento,,,,,
Franklin Lincolin de Oliveira,,104.587.324-19,3504420 SSDS PB,1996-09-11,Soleide Roberta de Oliveira,9002020-14.2026.8.152002,Vara de Execução de Penas Alternativas,,(83)  991757073,2026-09-14,Preta,Masculino,Homem Cis,Heterossexual,Ensino médio,Não,Não possui,Brasileiro,,Formal,Entregador,Sem Religião,LEI Nº 11.340/06 (Maria da Penha),art. 7º,Violência física/psicológica/sexual/patrimonial/moral,Violência Doméstica/familiar,Acolhimento Inicial (comparecimento),SURSIS,Homens autores de violência doméstica contra mulher,Realizado com Sucesso,,Sim,2028-09-14,Em Cumprimento,"À luz dos princípios da legalidade e da tipicidade formal, é juridicamente inviável à CIAP preconizar a participação em grupo reflexivo sem previsão expressa no termo de audiência.",,,,
José Roberto dos Santos,,075.909.857-32,1.754.481 SSDS PB,1973-07-14,Terezinha Pereira dos Santos,9001389-70.2026.8.152002,Vara de Execução de Penas Alternativas,,(83)99404-4948,2026-09-14,Parda,Masculino,Homem Cis,Heterossexual,Não alfabetizado,Não,Não possui,Brasileiro,,Informal,Mestre de Obras,Evangélica,Decreto-Lei nº 2.848/40 (Código Penal),art. 147,Ameaça,Liberdade Individual,Acolhimento Inicial (comparecimento),SURSIS,Segurança Comunitária e Paz Pública,Realizado com Sucesso,,Sim,2026-11-14,,,,,,
Everaldo Fernandes de Farias Junior,,026.995.494-52,2251936 SSP PB,1977-11-01,Ivanilda Alves Pereira de Faria,0810914-36.2025.8.15.2002,2º Juizado de Violência Doméstica e Familiar contra a Mulher de João Pessoa,,(83)99988-0110,2026-09-14,Parda,Masculino,Homem Cis,Heterossexual,Ensino médio,Não,,Brasileiro,,Formal,Empresário,Católica,LEI Nº 11.340/06 (Maria da Penha),art. 7º,Violência física/psicológica/sexual/patrimonial/moral,Violência Doméstica/familiar,Acolhimento Inicial (comparecimento),Medidas protetivas de urgência,Homens autores de violência doméstica contra mulher,Realizado com Sucesso,,Sim,,Em Cumprimento,"À luz dos princípios da legalidade e da tipicidade formal, é juridicamente inviável à CIAP preconizar a participação em grupo reflexivo sem previsão expressa no termo de audiência.",,,,
Ernane João Braz,,339.916.004-63,3.861.807 SSP/ PB,1963-01-03,Josefa Francisca Braz,9002103-30.2026.8.15.2002,Vara de Execução de Penas Alternativas,,(83) 99144-8062,2026-09-14,Parda,Masculino,Homem Cis,Heterossexual,Ensino médio,Não,,Brasileiro,,Formal,Embarcado,Católica,Decreto-Lei nº 3.688/1941 (Lei das Contravenções Penais),"art. 21, §2º",Vias de fato,Violência Doméstica/familiar,Acolhimento Inicial (comparecimento),SURSIS,Homens autores de violência doméstica contra mulher,Realizado com Sucesso,,Sim,2026-11-14,Em Cumprimento,"À luz dos princípios da legalidade e da tipicidade formal, é juridicamente inviável à CIAP preconizar a participação em grupo reflexivo sem previsão expressa no termo de audiência.",,,,
Emanuel Vitor Amaro Gomes,,717.593.484-06,4.722.280 SSDS PB,2000-11-02,Ana Paula Leite Gomes,9001974-25.2026.8.15.2002,Vara de Execução de Penas Alternativas,,(83) 99388-2561,2026-09-15,Preta,Masculino,Homem Cis,Heterossexual,Ensino médio,Sim,Visual,Brasileiro,,Informal,Barbeiro,Evangélica,Lei nº 11.343/06 (Lei de Drogas),Art. 33,Tráfico de drogas,Lei de Drogas(ou Narcotráficos),Acolhimento Inicial (comparecimento),Penas restritivas de direito,Drogas e suas transversalidades,Realizado com Sucesso,,Sim,2030-01-15,Em Cumprimento,,,,,
Gercino Gervino de Lucena Netto,,576.745.824-34,1.197.381 SSDS PB,1967-10-02,Espedita Gomes de lucena,2001997-58.2026.8.05.0001,Vara de Execução de Penas Alternativas,,(83) 99144-9279,2026-09-15,Parda,Masculino,Homem Cis,Homossexual,Ensino médio incompleto,Não,Não possui,Brasileiro,,Informal,Cuidador de PET,Católica,Decreto-Lei nº 2.848/40 (Código Penal),art. 140,Injúria Qualificada,Crimes contra a Honra,Acolhimento Inicial (comparecimento),Penas restritivas de direito,"Direitos Humanos, Étnico-Raciais e Diversidade",Realizado com Sucesso,,Sim,2028-01-15,Em Cumprimento,,,,,
Inacio Brito Neto,,132.977.164-87,333943 SSP/ PB,1954-07-02,Nelida Borborema Brito,0003768-43.2019.8.15.0011,Vara de Execução de Penas Alternativas,,(83) 99970- 1234,2026-09-16,Parda,Masculino,Homem Cis,Heterossexual,Ensino médio,Não,Não possui,Brasileiro,,Formal,Caminhoneiro,Católica,LEI Nº 11.340/06 (Maria da Penha),Art. 129,Violência física/psicológica/sexual/patrimonial/moral,Violência Doméstica/familiar,Acolhimento Inicial (comparecimento),SURSIS,Homens autores de violência doméstica contra mulher,Realizado com Sucesso,,Sim,2028-09-16,Em Cumprimento,"À luz dos princípios da legalidade e da tipicidade formal, é juridicamente inviável à CIAP preconizar a participação em grupo reflexivo sem previsão expressa no termo de audiência.",,,,
Joao Lucas Pereira Lima do Nascimento,,705.938.854-06,705.938.854-06,2003-04-12,Josefa Vanuza Pereira Lima,9002087-76.2026.8.15.2002,Vara de Execução de Penas Alternativas,,(83) 99911 -1230,2026-09-16,Branca,Feminino,Homem Trans,Heterossexual,Ensino médio,Não,Não possui,Brasileiro,,Sem Ocupação,Sem profissão,Espírita,,art. 2º-A,Injúria Racial,Crimes contra a Pessoa,Acolhimento Inicial (comparecimento),Penas restritivas de direito,Combate ao preconceito,Realizado com Sucesso,,Sim,,,,,,,
Rogerio Silva de Melo,,010.597.124-31,2.258.156 SSDS PB,1979-11-16,Francisca Silva de Melo,9000126-41.2024.8.15.0751,Vara de Execução de Penas Alternativas,,(83) 98888-7160,2026-09-17,Parda,Masculino,Homem Cis,Heterossexual,Ensino médio,Não,Não possui,Brasileiro,,Sem Ocupação,Motorista,Evangélica,Decreto-Lei nº 2.848/40 (Código Penal),"Art. 155, § 4º, II",Furto,Crimes contra o Patrimônio,,,,,,,,,,,,,
Marcelo Rodrigues da Silva,,092.295.724-03,3.621.655 SSDS PB,1990-12-29,Maria Gerusa Rodrigues da Silva,9001040-67.2026.8.15.2002,Vara de Execução de Penas Alternativas,,(83) 99391-0477,2026-09-17,Parda,Masculino,Homem Cis,Heterossexual,Ensino médio incompleto,Não,Não possui,Brasileiro,,Formal,Porteiro,Evangélica,Decreto-Lei nº 2.848/40 (Código Penal),"art. 311, caput",Adulteração de Sinal Identificador de Veículo,Fé pública,,,,,,,,,,,,,
Julio Souza Santos,,009.957.104-81,CPF,1984-02-08,Lauricéia Francisca de Souza,9002036-65.2026.8.15.2002,Vara de Execução de Penas Alternativas,,(83) 99613-6729,2026-09-17,Parda,Masculino,Homem Cis,Heterossexual,Ensino médio,Não,Não possui,Brasileiro,,Informal,Vigilante / Motoboy,Evangélica,Lei Maria da Penha (Lei 11.340/06),Art. 129 § 9º,Violência física/psicológica/sexual/patrimonial/moral,Violência Doméstica/familiar,,,,,,,,,,,,,
Vinícius Ruan Pinho Alves,,705.365.934-85,4.182.509 SESDS/PB,2002-04-17,Pennsylvânia Pinho de Lima,9001845-202026.8.15.2002,4ª Vara Criminal de João Pessoa,,(83) 98902-2835,2026-09-21,Branca,Masculino,Homem Cis,Heterossexual,Ensino médio,Não,Não possui,Brasileiro,Brasil,Informal,Motoboy,Evangélica,Decreto-Lei nº 2.848/40 (Código Penal),art.311,Adulteração de sinal identificador de veículo,Fé pública,Acolhimento Inicial (comparecimento),Acordo de não Persecução Penal,Trânsito/Vida,Realizado com Sucesso,,Sim,2027-05-21,Em Cumprimento,,,,,
Jozeilda Edilza de Araújo,,065.728.294-48,2.757.047 SSP/ PB,1983-09-20,Josefa Maria de Araújo,9003496-92.2023.8.15.2002,Vara de Execução de Penas Alternativas,,(83) 99924-2753,2026-09-21,Branca,Feminino,Mulher Cis,Bissexual,Ensino fundamental,Não,Não possui,Brasileiro,Brasil,Informal,Faxineira,Católica,Lei 10.826/03 Estatuto do Desarmamento,art. 14,Posse/Porte ilegal de arma de fogo,Armas/Estatuto desarmamento,Acolhimento Inicial (comparecimento),Acordo de não Persecução Penal,Segurança Comunitária e Paz Pública,Realizado com Sucesso,,Sim,2027-09-21,Em Cumprimento,,,,,
Patrício Alves Nogueira,,029.604.304-41,1.830.865 SESDS/PB,1978-04-12,Luzinete Alves Nogueira,9001379-94.2024.8.15.2002,1ª Vara Criminal de João Pessoa,,(83) 98758-0623,2026-09-21,Parda,Masculino,Homem Cis,Heterossexual,Ensino médio incompleto,Não,Não possui,Brasileiro,Brasil,Formal,Açogueiro,Católica,Lei nº 9.503/97 (Código de Trânsito Brasileiro),art. 306,Embriaguez ao volante,Crimes de Trânsito,Acolhimento Inicial (comparecimento),Acordo de não Persecução Penal,Trânsito/Vida,Realizado com Sucesso,,Sim,2027-01-21,Em Cumprimento,,,,,
Marcos Antonio dos Santos,,058.630.364-27,2621586 SSP/PB,1984-09-09,Rosa Antonia dos Santos,900733-21.2023.8.15.2002,Vara de Execução de Penas Alternativas,,,2026-09-22,Preta,Masculino,Homem Cis,Heterossexual,Ensino médio incompleto,Não,Não possui,Brasileiro,Brasileiro,Formal,Servente de Pedreiro,Sem Religião,Decreto-Lei nº 2.848/40 (Código Penal),art. 155,Furto,Crimes contra o Patrimônio,Acolhimento Inicial (comparecimento),Acordo de não Persecução Penal,Ética/Cidadania,Realizado com Sucesso,,Sim,2027-01-22,Em Cumprimento,,,,,
Daniel Lourenço do Nascimento,,721.145.794-50,,2001-03-22,Cristiana Lourenço dos Santos,9002181-24.2026.815.2002,Vara de Execução de Penas Alternativas,,(83)98622-5016,2026-09-22,Branca,Masculino,Homem Cis,Heterossexual,Ensino fundamental,Não,Não possui,Brasileiro,Brasileiro,Sem Ocupação,Pintor,Evangélica,Lei nº 11.343/06 (Lei de Drogas),Art. 33,Tráfico de drogas,Lei de Drogas(ou Narcotráficos),Acolhimento Inicial (comparecimento),Penas restritivas de direito,Drogas e suas transversalidades,Realizado com Sucesso,,Sim,2028-05-22,Em Cumprimento,,,,,
Herbert Xavier de Mesquita,,075.881.674-08,2925220 SSDS /PB,1983-01-11,Maria Neuda de Mesquita,9002102-45.2026.8.15.2002,Vara de Execução de Penas Alternativas,,(83) 98741 - 5008,2026-09-22,Parda,Masculino,Homem Cis,Heterossexual,Ensino médio,Não,Não possui,Brasileiro,Brasileiro,Sem Ocupação,Empreendedor,Evangélica,LEI Nº 11.340/06 (Maria da Penha),art. 24-A,Descumprimento de Medidas Protetivas de Urgência,Violência Doméstica/familiar,Acolhimento Inicial (comparecimento),SURSIS,Homens autores de violência doméstica contra mulher,Realizado com Sucesso,,Sim,2028-09-21,Em Cumprimento,"À luz dos princípios da legalidade e da tipicidade formal, é juridicamente inviável à CIAP preconizar a participação em grupo reflexivo sem previsão expressa no termo de audiência.",,,,
Thalles Ramos da Silva,,713.777.964-69,4395721 SESDS/PB,2001-03-25,Ivania Felix da Silva,9002174-32.2026.8.15.2002,4ª Vara Criminal de João Pessoa,,(83) 99812-5507,2026-09-23,Preta,Masculino,Homem Cis,Heterossexual,Ensino médio,Não,Não possui,Brasileiro,,Informal,Servente de Pedreiro,Evangélica,Decreto-Lei nº 2.848/40 (Código Penal),art.180,Receptação,Crimes contra o Patrimônio,Acolhimento Inicial (comparecimento),Penas restritivas de direito,Ética/Cidadania,Realizado com Sucesso,,Sim,2027-09-23,Em Cumprimento,,,,,
Isaac Pereira dos Santos,,700.791.504-38,3.977.029 SSDS/PB,2007-10-04,Maria Janielle Pereira da Silva,9000781-72.2026.8.15.2002,2ª Vara Regional das Garantias-TJPB,,(83) 98603-8480,2026-09-23,Preta,Masculino,Homem Cis,Heterossexual,Ensino médio incompleto,Não,Não possui,Brasileiro,,Sem Ocupação,Estudante,Sem Religião,Lei nº 11.343/06 (Lei de Drogas),Art. 33,Tráfico de drogas,Lei de Drogas(ou Narcotráficos),Acolhimento Inicial (comparecimento),Acordo de não Persecução Penal,Drogas e suas transversalidades,Realizado com Sucesso,,Sim,2027-03-23,Em Cumprimento,,,,,
Marcos Antônio Melo da Silva,,982.697.394-72,1775465 SSP/PB,1975-07-28,Hosana Melo da Silva,9002286-98.2026.8.15.2002,Vara Única de Conde,,(83) 99138-4200,2026-09-23,Parda,Masculino,Homem Cis,Heterossexual,Ensino médio,Não,Não possui,Brasileiro,,Sem Ocupação,Vigilante,Evangélica,Lei 8.137/90 (Crimes Tributários),Art. 1,Sonegação,Ordem Tributária,Acolhimento Inicial (comparecimento),Penas restritivas de direito,Ética/Cidadania,Realizado com Sucesso,,Sim,2030-01-23,Em Cumprimento,,,,,
Felipe Henrique Lino da Silva,,703.465.064-09,3069254 SSP/PB,1995-02-09,Tereza Lino Santos da Silva,9002186-46.2026.8.15.2002,Vara de Execução de Penas Alternativas,,(83)99833-3471,2026-09-23,,,,,,,,Brasileiro,,,,,Decreto-Lei nº 2.848/40 (Código Penal),art. 302,Homicídio Culposo no Trânsito,Crimes de Trânsito,Acolhimento Inicial (comparecimento),Penas restritivas de direito,Trânsito/Vida,Realizado com Sucesso,,Sim,2029-08-23,Em Cumprimento,,,,,
Matheus Fernando de Souza Ribeiro,,706.449.124-99,,1999-10-13,Edilene Maria de Souza,9000634-17.2024.8.15.2002,Vara de Execução de Penas Alternativas,,(83) 98841-1158,2026-09-24,Preta,Masculino,Homem Cis,Heterossexual,Ensino fundamental incompleto,Não,Não possui,Brasileiro,Brasileiro,Informal,Lavador e Polidor,Evangélica,Lei nº 11.343/06 (Lei de Drogas),Art. 33,Tráfico de drogas,Lei de Drogas(ou Narcotráficos),Acolhimento Inicial (comparecimento),Penas restritivas de direito,Drogas e suas transversalidades,Realizado com Sucesso,,Sim,2028-03-24,Em Cumprimento,,,,,
Breno Cavalcanti Amorim,,048.702.424-94,1303S77232 SSP /BA,1989-07-03,Soraia de Farias Cavalcanti Amorim,9002297-30.2026.8.15.2002,Vara de Execução de Penas Alternativas,,(83) 98838-5762,2026-09-24,Branca,Masculino,Homem Cis,Heterossexual,Ensino superior,Não,Não possui,Brasileiro,Brasileiro,Formal,Empresário,Espírita,Lei nº 9.503/97 (Código de Trânsito Brasileiro),art. 306,Embriaguez ao volante,Crimes de Trânsito,Acolhimento Inicial (comparecimento),Penas restritivas de direito,Trânsito/Vida,Realizado com Sucesso,,Sim,2027-03-24,Em Cumprimento,,,,,
